ID,LIMIT_BAL,SEX,EDUCATION,MARRIAGE,AGE,BILL_AMT1,PAY_AMT1,default_payment_next_month,Utilization_Ratio
1,20000,M,2,1,24,3913,0,1,0.19564021798910056
2,120000,F,1,2,35,2682,1000,0,0.02234981375155207
3,90000,F,3,2,29,8617,2000,0,0.09574338062910412
4,50000,M,2,1,40,12000,5000,1,0.2399952000959981
5,180000,F,1,3,50,1500,1500,0,0.008333287037294237
